cod_ibge,ente,populacao,score,classificacao,anos_entregues,eorcam_raw,lliq_raw,rrestos_nproc_pct,n_anos_cronicos,qsiconfi,ccauc,autonomia_media,eorcam_norm,lliq_norm,rproc_norm,autonomia_norm,contrib_eorcam,contrib_lliq,contrib_qsiconfi,contrib_ccauc,contrib_autonomia,contrib_rproc,pen_lliq_parcial,pen_situacional,score_base,score_bruto,dias_atraso,decay_fator,dado_suspeito,dado_suspeito_lliq,dado_defasado,lliq_parcial,autonomia_critica,n_licitacoes,valor_homologado_total,n_dispensa,valor_hom_dispensa,ano_ultima_licitacao,pct_dispensa,alerta_dispensa
2503209,Cabedelo,70734,100.0,🟢 Risco Baixo,6,101.085,0.723339,0.71,0,1.0,0.0,0.2036259029351659,1.0,1.0,1.0,1.0,15.0,35.0,15.0,10.0,10.0,15.0,0.0,0.0,100.0,100.0,56.0,1.0,False,False,False,False,False,306.0,120607408.52,194.0,12482587.43,2026.0,0.1035,False
2507507,João Pessoa,897633,99.4,🟢 Risco Baixo,6,91.0965,0.340043,2.23,0,1.0,0.0,0.2417253843784814,1.0,0.9841,1.0,1.0,15.0,34.4435,15.0,10.0,10.0,15.0,0.0,0.0,99.4435,99.4435,56.0,1.0,False,False,False,False,False,8935.0,8588572456.11,6696.0,2824874003.42,2027.0,0.3289,True
2516300,Sumé,17852,96.9,🟢 Risco Baixo,6,102.892,0.337011,0.1,0,1.0,0.0,0.0424661163601213,1.0,0.9792,1.0,0.761,15.0,34.272,15.0,10.0,7.61,15.0,0.0,0.0,96.882,96.882,56.0,1.0,False,False,False,False,True,182.0,39902789.48,95.0,3036871.32,2026.0,0.0761,False
2506301,Guarabira,60057,95.6,🟢 Risco Baixo,6,110.347,0.320385,0.36,0,1.0,0.0,0.0867473496234097,0.8218,0.9526,1.0,0.995,12.327,33.341,15.0,10.0,9.95,15.0,0.0,0.0,95.618,95.618,56.0,1.0,False,False,False,False,False,324.0,91082691.13,192.0,30001604.63,2026.0,0.3294,True
2504603,Conde,30007,92.9,🟢 Risco Baixo,6,108.015,0.268121,0.03,0,1.0,0.1,0.1267467861389219,0.8995,0.869,1.0,0.9996,13.4925,30.415,15.0,9.0,9.996,15.0,0.0,0.0,92.9035,92.9035,56.0,1.0,False,False,False,False,False,175.0,38759895.940000005,113.0,38759895.940000005,2026.0,1.0,True
2515104,São Sebastião de Lagoa de Roça,11387,91.4,🟢 Risco Baixo,6,91.2255,0.307647,0.68,0,1.0,0.15,0.0292454124852427,1.0,0.9322,1.0,0.532,15.0,32.627,15.0,8.5,5.32,15.0,0.0,0.0,91.447,91.447,56.0,1.0,False,False,False,False,True,42.0,3573172.74,20.0,310769.0,2026.0,0.087,False
2509339,Matinhas,4759,90.6,🟢 Risco Baixo,6,101.6795,0.417334,1.5,0,1.0,0.15,0.0163807553480048,1.0,1.0,1.0,0.2136,15.0,35.0,15.0,8.5,2.136,15.0,0.0,0.0,90.636,90.636,56.0,1.0,False,False,False,False,True,6.0,1923417.08,0.0,0.0,2026.0,0.0,False
2512507,Queimadas,50698,90.2,🟢 Risco Baixo,6,122.465,0.455043,0.0,0,1.0,0.0,0.0442198229425309,0.5,1.0,1.0,0.7676,7.5,35.0,15.0,10.0,7.676,15.0,0.0,0.0,90.176,90.176,56.0,1.0,False,False,False,False,True,249.0,74274799.63,146.0,13857519.05,2026.0,0.1866,False
2501104,Areia,23031,89.7,🟢 Risco Baixo,6,99.4185,0.221091,1.14,0,1.0,0.15,0.0491759988921808,1.0,0.7937,1.0,0.843,15.0,27.7795,15.0,8.5,8.43,15.0,0.0,0.0,89.70949999999999,89.70949999999999,56.0,1.0,False,False,False,False,True,160.0,2767879.7,60.0,101866.0,2026.0,0.0368,False
2512705,Remígio,18399,89.6,🟢 Risco Baixo,6,99.3355,0.217809,0.04,0,1.0,0.0,0.0387093593065104,1.0,0.7885,1.0,0.7038,15.0,27.5975,15.0,10.0,7.038,15.0,0.0,0.0,89.6355,89.6355,56.0,1.0,False,False,False,False,True,45.0,15453905.129999999,0.0,0.0,2026.0,0.0,False
2516508,Taperoá,14358,88.9,🟢 Risco Baixo,6,100.245,0.550039,0.0,1,1.0,0.15,0.0234331917060877,1.0,1.0,0.75,0.4196,15.0,35.0,15.0,8.5,4.196,11.25,0.0,0.0,88.946,88.946,56.0,1.0,False,False,False,False,True,41.0,559966.5,12.0,494186.5,2026.0,0.8825,True
2512101,Pombal,33866,86.5,🟢 Risco Baixo,6,103.314,0.139269,,0,1.0,0.05,0.0533496561779312,1.0,0.6628,1.0,0.8814,15.0,23.198,15.0,9.5,8.814,15.0,0.0,0.0,86.512,86.512,56.0,1.0,False,False,False,False,True,267.0,10995016.88,156.0,1264705.3599999999,2026.0,0.115,False
2510659,Parari,1745,86.4,🟢 Risco Baixo,6,90.029,0.333563,0.19,1,1.0,0.1,0.0158158772967248,1.0,0.9737,0.75,0.2044,15.0,34.0795,15.0,9.0,2.044,11.25,0.0,0.0,86.37349999999999,86.37349999999999,56.0,1.0,False,False,False,False,True,18.0,3653890.45,3.0,135686.7,2026.0,0.0371,False
2502151,Boa Vista,6592,86.3,🟢 Risco Baixo,6,103.392,0.885249,0.74,0,1.0,1.0,0.0351931442231555,1.0,1.0,1.0,0.6345,15.0,35.0,15.0,0.0,6.345,15.0,0.0,0.0,86.345,86.345,56.0,1.0,False,False,False,False,True,57.0,10873987.379999999,0.0,0.0,2026.0,0.0,False
2502706,Borborema,4185,85.9,🟢 Risco Baixo,6,106.8195,0.242791,0.0,0,1.0,0.0,0.0202236346801157,0.9393,0.8285,1.0,0.284,14.0895,28.9975,15.0,10.0,2.84,15.0,0.0,0.0,85.92699999999999,85.92699999999999,56.0,1.0,False,False,False,False,True,,,,,,,
2509396,Maturéia,6717,85.5,🟢 Risco Baixo,6,95.842,0.185105,0.01,0,1.0,0.0,0.0287065194302653,1.0,0.7362,1.0,0.478,15.0,25.767,15.0,10.0,4.78,15.0,0.0,0.0,85.547,85.547,56.0,1.0,False,False,False,False,True,82.0,2541588.75,26.0,283070.21,2026.0,0.1114,False
2516706,Teixeira,15129,85.0,🟢 Risco Baixo,6,100.753,0.179791,0.0,0,1.0,0.1,0.0304872290637036,1.0,0.7277,1.0,0.556,15.0,25.4695,15.0,9.0,5.56,15.0,0.0,0.0,85.0295,85.0295,56.0,1.0,False,False,False,False,True,239.0,38057202.65,131.0,903072.66,2026.0,0.0237,False
2504033,Capim,7446,84.7,🟢 Risco Baixo,6,94.0435,0.278431,0.01,1,1.0,0.05,0.0210021983817298,1.0,0.8855,0.75,0.2999,15.0,30.9925,15.0,9.5,2.999,11.25,0.0,0.0,84.7415,84.7415,56.0,1.0,False,False,False,False,True,31.0,11874209.59,0.0,0.0,2026.0,0.0,False
2507002,Itaporanga,24766,84.6,🟢 Risco Baixo,6,102.191,0.105927,-0.0,0,1.0,0.0,0.047846501322928,1.0,0.6095,1.0,0.8288,15.0,21.3325,15.0,10.0,8.288,15.0,0.0,0.0,84.62049999999999,84.62049999999999,56.0,1.0,False,False,False,False,True,268.0,26416656.919999998,164.0,1564156.4,2026.0,0.0592,False
2507309,Jacaraú,14969,83.9,🟢 Risco Baixo,6,93.5695,0.223849,0.54,1,1.0,0.1,0.0311749058571572,1.0,0.7982,0.75,0.5692,15.0,27.937,15.0,9.0,5.692,11.25,0.0,0.0,83.87899999999999,83.87899999999999,56.0,1.0,False,False,False,False,True,56.0,355960.0,4.0,355960.0,2026.0,1.0,True
2510808,Patos,108104,82.7,🟢 Risco Baixo,6,92.191,0.192757,0.06,2,1.0,0.1,0.1134922488773959,1.0,0.7484,0.5,0.9996,15.0,26.194,15.0,9.0,9.996,7.5,0.0,0.0,82.69,82.69,56.0,1.0,False,False,False,False,False,213.0,121669063.31,52.0,1472715.67,2026.0,0.0121,False
2505204,Cuitegi,6890,82.1,🟢 Risco Baixo,6,91.318,0.493395,0.15,3,1.0,0.15,0.025720001990357,1.0,1.0,0.3,0.4055,15.0,35.0,15.0,8.5,4.055,4.5,0.0,0.0,82.055,82.055,56.0,1.0,False,False,False,False,True,13.0,2077452.27,8.0,1498.77,2026.0,0.0007,False
2501534,Baraúna,5010,82.0,🟢 Risco Baixo,6,100.253,0.143724,0.15,0,1.0,0.0,0.0237325221046553,1.0,0.67,1.0,0.3593,15.0,23.45,15.0,10.0,3.593,15.0,0.0,0.0,82.043,82.043,56.0,1.0,False,False,False,False,True,26.0,5019978.8,2.0,342660.67,2026.0,0.0683,False
2507705,Juazeirinho,17520,82.0,🟢 Risco Baixo,6,89.5175,0.265843,0.03,0,1.0,1.0,0.0387868061830763,0.9759,0.8653,1.0,0.705,14.6385,30.2855,15.0,0.0,7.05,15.0,0.0,0.0,81.974,81.974,56.0,1.0,False,False,False,False,True,139.0,14582514.64,74.0,1083115.78,2026.0,0.0743,False
2513406,Santa Luzia,15418,81.7,🟢 Risco Baixo,6,79.498,0.164031,2.39,0,1.0,0.0,0.109993577087527,0.4749,0.7024,1.0,0.9984,7.1235,24.584,15.0,10.0,9.984,15.0,0.0,0.0,81.69149999999999,81.69149999999999,56.0,1.0,False,False,False,False,False,117.0,62449628.089999996,66.0,10887421.78,2026.0,0.1743,False
2511301,Piancó,17088,81.5,🟢 Risco Baixo,6,96.972,0.120401,0.01,0,1.0,0.1,0.029600191717285,1.0,0.6326,1.0,0.5389,15.0,22.141,15.0,9.0,5.389,15.0,0.0,0.0,81.53,81.53,56.0,1.0,False,False,False,False,True,60.0,19529284.61,3.0,2201367.41,2026.0,0.1127,False
2515609,Serra da Raiz,3156,81.2,🟢 Risco Baixo,6,96.2175,0.165614,1.51,0,1.0,0.0,0.012536523608556,1.0,0.705,1.0,0.1568,15.0,24.675,15.0,10.0,1.568,15.0,0.0,0.0,81.243,81.243,56.0,1.0,False,False,False,False,True,1.0,3135.0,1.0,3135.0,2025.0,1.0,True
2509305,Mataraca,8650,81.0,🟢 Risco Baixo,6,94.5825,0.222012,0.02,0,1.0,1.0,0.0445576912164312,1.0,0.7952,1.0,0.8138,15.0,27.832,15.0,0.0,8.138,15.0,0.0,0.0,80.97,80.97,56.0,1.0,False,False,False,False,True,13.0,5034701.89,0.0,0.0,2025.0,0.0,False
2509701,Monteiro,33886,80.4,🟢 Risco Baixo,6,102.322,0.068327,0.05,0,1.0,0.2,0.0593138850291297,1.0,0.5208,1.0,0.922,15.0,18.228,15.0,8.0,9.22,15.0,0.0,0.0,80.44800000000001,80.44800000000001,56.0,1.0,False,False,False,False,True,89.0,48429930.39,7.0,866764.4099999999,2026.0,0.0179,False
2502607,Igaracy,5719,80.3,🟢 Risco Baixo,6,85.4175,0.193721,0.38,0,1.0,0.0,0.0185262358512074,0.7709,0.75,1.0,0.2513,11.5635,26.25,15.0,10.0,2.513,15.0,0.0,0.0,80.3265,80.3265,56.0,1.0,False,False,False,False,True,5.0,1291318.26,3.0,580144.5,2025.0,0.4493,True
2515930,Sertãozinho,5332,79.9,🟡 Risco Médio,6,109.9135,0.780286,0.13,0,1.0,1.0,0.017410787258911,0.8362,1.0,1.0,0.2311,12.543,35.0,15.0,0.0,2.311,15.0,0.0,0.0,79.854,79.854,56.0,1.0,False,False,False,False,True,144.0,3343942298.37,88.0,3329328216.08,2026.0,0.9956,True
2516102,Soledade,14409,79.8,🟡 Risco Médio,6,113.1175,0.2143,0.57,1,1.0,0.15,0.0367724065219019,0.7294,0.7829,0.75,0.6714,10.941,27.4015,15.0,8.5,6.714,11.25,0.0,0.0,79.8065,79.8065,56.0,1.0,False,False,False,False,True,120.0,25821565.83,58.0,2649000.73,2026.0,0.1026,False
2501203,Areial,7434,79.8,🟡 Risco Médio,6,92.094,0.112941,0.34,0,1.0,0.25,0.0318269519246202,1.0,0.6207,1.0,0.5547,15.0,21.7245,15.0,7.5,5.547,15.0,0.0,0.0,79.7715,79.7715,56.0,1.0,False,False,False,False,True,21.0,10108979.04,0.0,0.0,2026.0,0.0,False
2505303,Curral Velho,2316,79.7,🟡 Risco Médio,6,94.5215,0.454604,0.0,3,1.0,0.1,0.0098152708288949,1.0,1.0,0.3,0.1245,15.0,35.0,15.0,9.0,1.245,4.5,0.0,0.0,79.745,79.745,56.0,1.0,False,False,False,False,True,6.0,367566.95999999996,0.0,0.0,2025.0,0.0,False
2514800,São José dos Cordeiros,3462,79.5,🟡 Risco Médio,6,94.294,0.105204,1.93,0,1.0,0.15,0.0284549236794034,1.0,0.6083,1.0,0.4718,15.0,21.2905,15.0,8.5,4.718,15.0,0.0,0.0,79.5085,79.5085,56.0,1.0,False,False,False,False,True,34.0,9531588.620000001,7.0,4067269.02,2026.0,0.4267,True
2508703,Mãe d'Água,3599,79.4,🟡 Risco Médio,5,87.905,0.184964,0.65,0,0.8333333333333334,0.0,0.0195718185191198,0.8953,0.7359,1.0,0.2712,13.4295,25.7565,12.5,10.0,2.712,15.0,0.0,0.0,79.398,79.398,56.0,1.0,False,False,False,False,True,130.0,3515379.21,61.0,902848.14,2026.0,0.2568,False
2502409,Bonito de Santa Fé,10433,79.3,🟡 Risco Médio,6,85.3215,0.324985,0.19,0,1.0,1.0,0.0232926472582309,0.7661,0.96,1.0,0.4169,11.4915,33.6,15.0,0.0,4.169,15.0,0.0,0.0,79.26050000000001,79.26050000000001,56.0,1.0,False,False,False,False,True,45.0,14978381.6,7.0,322647.41000000003,2026.0,0.0215,False
2513927,São Bentinho,4490,78.9,🟡 Risco Médio,6,87.523,0.219205,0.04,1,1.0,0.0,0.0146081225038307,0.8761,0.7907,0.75,0.1857,13.1415,27.6745,15.0,10.0,1.857,11.25,0.0,0.0,78.923,78.923,56.0,1.0,False,False,False,False,True,68.0,13836526.19,18.0,1158143.7,2026.0,0.0837,False
2500601,Alhandra,23065,78.9,🟡 Risco Médio,6,95.681,0.174456,1.7,0,1.0,1.0,0.0520390058555192,1.0,0.7191,1.0,0.8703,15.0,25.1685,15.0,0.0,8.703,15.0,0.0,0.0,78.8715,78.8715,56.0,1.0,False,False,False,False,True,129.0,60330769.63,98.0,22308260.080000002,2026.0,0.3698,True
2509008,Manaíra,10699,78.3,🟡 Risco Médio,5,105.6225,0.127045,0.0,0,0.8333333333333334,0.15,0.0280209800760065,0.9792,0.6433,1.0,0.5082,14.688,22.5155,12.5,8.5,5.082,15.0,0.0,0.0,78.2855,78.2855,56.0,1.0,False,False,False,False,True,42.0,7060464.77,0.0,0.0,2026.0,0.0,False
2512002,Pocinhos,18038,78.3,🟡 Risco Médio,6,137.049,0.136335,0.31,0,1.0,0.0,0.0432887013545095,0.5,0.6581,1.0,0.7724,7.5,23.0335,15.0,10.0,7.724,15.0,0.0,0.0,78.25750000000001,78.25750000000001,56.0,1.0,False,False,False,False,True,105.0,45305215.33,0.0,0.0,2026.0,0.0,False
2504074,Caraúbas,4067,78.2,🟡 Risco Médio,4,104.2721,0.180316,0.4,0,0.6666666666666666,0.05,0.0219430761182407,1.0,0.7285,1.0,0.3197,15.0,25.4975,10.0,9.5,3.197,15.0,0.0,0.0,78.1945,78.1945,56.0,1.0,False,False,False,False,True,51.0,17650042.86,5.0,142337.1,2026.0,0.0081,False
2514602,São José do Bonfim,3337,78.0,🟡 Risco Médio,6,78.454,0.200112,0.09,0,1.0,0.0,0.0299324857410889,0.4227,0.7602,1.0,0.5082,6.3405,26.607,15.0,10.0,5.082,15.0,0.0,0.0,78.0295,78.0295,56.0,1.0,False,False,False,False,True,28.0,861255.1000000001,2.0,0.0,2026.0,0.0,False
2514453,São José dos Ramos,6137,77.8,🟡 Risco Médio,6,90.662,0.354192,1.41,5,1.0,0.1,0.0245944628597869,1.0,1.0,0.0,0.3791,15.0,35.0,15.0,9.0,3.791,0.0,0.0,0.0,77.791,77.791,56.0,1.0,False,False,False,False,True,79.0,9743166.99,32.0,538646.0700000001,2026.0,0.0553,False
2514552,São José de Princesa,3323,77.7,🟡 Risco Médio,6,91.3105,0.173078,0.0,1,1.0,0.05,0.0147614544437225,1.0,0.7169,0.75,0.188,15.0,25.0915,15.0,9.5,1.88,11.25,0.0,0.0,77.72149999999999,77.72149999999999,56.0,1.0,False,False,False,False,True,24.0,3454985.1999999997,2.0,97708.3,2026.0,0.0283,False
2513158,Santa Cecília,8113,77.6,🟡 Risco Médio,6,115.0385,0.181018,0.02,0,1.0,0.05,0.0191584452359157,0.6654,0.7296,1.0,0.2632,9.981,25.536,15.0,9.5,2.632,15.0,0.0,0.0,77.649,77.649,56.0,1.0,False,False,False,False,True,55.0,737820.0,24.0,0.0,2026.0,0.0,False
2502508,Boqueirão,18216,77.2,🟡 Risco Médio,6,98.1845,0.046581,,0,1.0,0.0,0.0323121852103036,1.0,0.4665,1.0,0.5908,15.0,16.3275,15.0,10.0,5.908,15.0,0.0,0.0,77.2355,77.2355,56.0,1.0,False,False,False,False,True,56.0,34676311.71,0.0,0.0,2026.0,0.0,False
2504405,Conceição,18731,77.2,🟡 Risco Médio,6,100.9985,0.056609,0.46,0,1.0,0.1,0.032917963855012,1.0,0.4915,1.0,0.6021,15.0,17.2025,15.0,9.0,6.021,15.0,0.0,0.0,77.2235,77.2235,56.0,1.0,False,False,False,False,True,51.0,4831226.92,0.0,0.0,2026.0,0.0,False
2505600,Diamante,6416,77.2,🟡 Risco Médio,6,91.0515,0.254723,0.01,3,1.0,0.0,0.0209894255507835,1.0,0.8476,0.3,0.2996,15.0,29.666,15.0,10.0,2.996,4.5,0.0,0.0,77.16199999999999,77.16199999999999,56.0,1.0,False,False,False,False,True,47.0,18469018.26,3.0,9459672.4,2026.0,0.5122,True
2512077,Poço de José de Moura,4126,77.2,🟡 Risco Médio,6,104.3465,0.631507,0.65,2,1.0,1.0,0.0283660483846118,1.0,1.0,0.5,0.4696,15.0,35.0,15.0,0.0,4.696,7.5,0.0,0.0,77.196,77.196,56.0,1.0,False,False,False,False,True,94.0,12566754.1,41.0,2999323.0300000003,2026.0,0.2387,False
2503555,Cacimbas,7513,76.7,🟡 Risco Médio,6,87.4825,0.824913,0.04,1,1.0,1.0,0.0175024854626811,0.8741,1.0,0.75,0.2328,13.1115,35.0,15.0,0.0,2.328,11.25,0.0,0.0,76.6895,76.6895,56.0,1.0,False,False,False,False,True,35.0,4818402.41,1.0,13750.0,2026.0,0.0029,False
2506608,Ibiara,5713,76.5,🟡 Risco Médio,6,86.2705,0.138031,0.61,0,1.0,0.25,0.0241077921344743,0.8135,0.6608,1.0,0.3678,12.2025,23.128,15.0,7.5,3.678,15.0,0.0,0.0,76.5085,76.5085,56.0,1.0,False,False,False,False,True,7.0,865265.42,0.0,0.0,2025.0,0.0,False
2500403,Alagoa Nova,21823,76.2,🟡 Risco Médio,6,94.9795,0.191516,0.02,3,1.0,0.0,0.030536870316977,1.0,0.7464,0.3,0.5569,15.0,26.124,15.0,10.0,5.569,4.5,0.0,0.0,76.193,76.193,56.0,1.0,False,False,False,False,True,138.0,21842352.91,55.0,11239659.85,2026.0,0.5146,True
2512606,Quixaba,1803,76.0,🟡 Risco Médio,6,98.1595,0.06896,0.05,0,1.0,0.05,0.0221224592338916,1.0,0.5224,1.0,0.3236,15.0,18.284,15.0,9.5,3.236,15.0,0.0,0.0,76.02,76.02,56.0,1.0,False,False,False,False,True,33.0,4802354.48,0.0,0.0,2026.0,0.0,False
2503803,Caldas Brandão,5942,76.0,🟡 Risco Médio,6,81.719,0.431782,0.05,2,1.0,0.25,0.0170876679247527,0.5859,1.0,0.5,0.2255,8.7885,35.0,15.0,7.5,2.255,7.5,0.0,0.0,76.0435,76.0435,56.0,1.0,False,False,False,False,True,22.0,1947201.3399999999,2.0,345849.85,2026.0,0.1776,False
2511400,Picuí,18862,76.0,🟡 Risco Médio,6,89.1125,0.270029,0.34,2,1.0,1.0,0.0516830729980723,0.9556,0.872,0.5,0.8672,14.334,30.52,15.0,0.0,8.672,7.5,0.0,0.0,76.026,76.026,56.0,1.0,False,False,False,False,True,165.0,41918610.46,81.0,11361534.23,2026.0,0.271,False
2513505,Santana de Mangueira,5090,75.5,🟡 Risco Médio,6,90.8735,0.206289,4.09,0,1.0,1.0,0.0237286269086988,1.0,0.7701,1.0,0.3592,15.0,26.9535,15.0,0.0,3.592,15.0,0.0,0.0,75.5455,75.5455,56.0,1.0,False,False,False,False,True,12.0,2224747.2199999997,0.0,0.0,2026.0,0.0,False
2506251,Gado Bravo,8398,75.3,🟡 Risco Médio,6,105.2685,0.069064,0.02,0,1.0,0.1,0.0214723587173511,0.991,0.5227,1.0,0.3097,14.865,18.2945,15.0,9.0,3.097,15.0,0.0,0.0,75.2565,75.2565,56.0,1.0,False,False,False,False,True,60.0,29822219.66,0.0,0.0,2026.0,0.0,False
2509156,Marizópolis,7001,75.2,🟡 Risco Médio,6,92.153,0.586662,0.79,6,1.0,0.3,0.0219454053664016,1.0,1.0,0.0,0.3198,15.0,35.0,15.0,7.0,3.198,0.0,0.0,0.0,75.198,75.198,56.0,1.0,False,False,False,False,True,57.0,4206197.24,10.0,39428.39,2026.0,0.0094,False
2512754,Riachão do Bacamarte,4911,74.9,🟡 Risco Médio,6,88.558,0.323849,0.01,3,1.0,0.4,0.0151804260954471,0.9279,0.9582,0.3,0.1944,13.9185,33.537,15.0,6.0,1.944,4.5,0.0,0.0,74.8995,74.8995,56.0,1.0,False,False,False,False,True,79.0,19484332.2,26.0,144952.81,2026.0,0.0074,False
2502805,Brejo do Cruz,14095,74.5,🟡 Risco Médio,6,108.6395,0.364515,0.1,3,1.0,1.0,0.0371827447292285,0.8787,1.0,0.3,0.6784,13.1805,35.0,15.0,0.0,6.784,4.5,0.0,0.0,74.4645,74.4645,56.0,1.0,False,False,False,False,True,111.0,11809946.95,46.0,4152109.08,2026.0,0.3516,True
2507101,Itapororoca,19165,74.4,🟡 Risco Médio,6,95.427,0.05014,0.4,0,1.0,0.2,0.0263405423717306,1.0,0.4753,1.0,0.4755,15.0,16.6355,15.0,8.0,4.755,15.0,0.0,0.0,74.3905,74.3905,56.0,1.0,False,False,False,False,True,1.0,190075.0,0.0,0.0,2025.0,0.0,False
2513604,Santana dos Garrotes,6618,74.3,🟡 Risco Médio,6,98.8955,0.045928,0.54,0,1.0,0.0,0.0213215467021916,1.0,0.4648,1.0,0.3066,15.0,16.268,15.0,10.0,3.066,15.0,0.0,0.0,74.334,74.334,56.0,1.0,False,False,False,False,True,47.0,23898830.93,4.0,17019708.16,2026.0,0.7122,True
2504702,Congo,5124,73.9,🟡 Risco Médio,4,116.48,0.19884,0.02,0,0.6666666666666666,0.0,0.021683939141904,0.6173,0.7581,1.0,0.3142,9.2595,26.5335,10.0,10.0,3.142,15.0,0.0,0.0,73.935,73.935,56.0,1.0,False,False,False,False,True,47.0,390456.4,10.0,194517.9,2026.0,0.4982,True
2504801,Coremas,14987,73.4,🟡 Risco Médio,6,83.827,0.061125,0.15,0,1.0,0.25,0.0450661081442343,0.6913,0.5028,1.0,0.7959,10.3695,17.598,15.0,7.5,7.959,15.0,0.0,0.0,73.4265,73.4265,56.0,1.0,False,False,False,False,True,20.0,615861.03,7.0,465203.03,2026.0,0.7554,True
2508554,Logradouro,5107,73.3,🟡 Risco Médio,6,88.4825,0.119993,0.02,1,1.0,0.15,0.0190745596053469,0.9241,0.632,0.75,0.2616,13.8615,22.12,15.0,8.5,2.616,11.25,0.0,0.0,73.3475,73.3475,56.0,1.0,False,False,False,False,True,10.0,220000.0,0.0,0.0,2026.0,0.0,False
2512903,Rio Tinto,25500,73.2,🟡 Risco Médio,6,96.5565,0.035517,0.04,1,1.0,0.15,0.0460885750649524,1.0,0.4388,0.75,0.8085,15.0,15.358,15.0,8.5,8.085,11.25,0.0,0.0,73.19300000000001,73.19300000000001,56.0,1.0,False,False,False,False,True,145.0,25956204.37,86.0,18782112.79,2026.0,0.7236,True
2509503,Montadas,6144,73.0,🟡 Risco Médio,6,106.9805,0.239147,0.0,1,1.0,1.0,0.0253942418727172,0.934,0.8226,0.75,0.3978,14.01,28.791,15.0,0.0,3.978,11.25,0.0,0.0,73.029,73.029,56.0,1.0,False,False,False,False,True,17.0,347824.3,1.0,2400.0,2026.0,0.0069,False
2516151,Sossêgo,3476,72.9,🟡 Risco Médio,6,95.638,0.252893,0.3,1,1.0,1.0,0.0159867314233287,1.0,0.8446,0.75,0.2071,15.0,29.561,15.0,0.0,2.071,11.25,0.0,0.0,72.882,72.882,56.0,1.0,False,False,False,False,True,80.0,17168753.64,56.0,5637769.52,2026.0,0.3284,True
2503753,Cajazeirinhas,2760,72.9,🟡 Risco Médio,6,87.61,0.130821,0.03,1,1.0,0.2,0.0198384409286465,0.8805,0.6493,0.75,0.2764,13.2075,22.7255,15.0,8.0,2.764,11.25,0.0,0.0,72.947,72.947,56.0,1.0,False,False,False,False,True,24.0,2966753.53,0.0,0.0,2026.0,0.0,False
2503100,Cabaceiras,5537,72.6,🟡 Risco Médio,6,108.6205,0.118543,0.04,0,1.0,1.0,0.039921196944411,0.8793,0.6297,1.0,0.7345,13.1895,22.0395,15.0,0.0,7.345,15.0,0.0,0.0,72.574,72.574,56.0,1.0,False,False,False,False,True,24.0,3505451.03,1.0,60950.99,2026.0,0.0174,False
2500304,Alagoa Grande,26655,72.2,🟡 Risco Médio,6,112.098,0.189499,0.0,3,1.0,0.0,0.0288932252412081,0.7634,0.7432,0.3,0.5252,11.451,26.012,15.0,10.0,5.252,4.5,0.0,0.0,72.215,72.215,56.0,1.0,False,False,False,False,True,76.0,20492510.79,1.0,69419.7,2026.0,0.0034,False
2506905,Itabaiana,23558,72.2,🟡 Risco Médio,6,111.3265,0.124966,0.06,0,1.0,1.0,0.0448505417363694,0.7891,0.6399,1.0,0.7931,11.8365,22.3965,15.0,0.0,7.931,15.0,0.0,0.0,72.16399999999999,72.16399999999999,56.0,1.0,False,False,False,False,True,187.0,10662314.55,103.0,1215605.3,2026.0,0.114,False
2505709,Dona Inês,10638,72.0,🟡 Risco Médio,6,84.2355,0.135489,0.25,0,1.0,1.0,0.047847562285168,0.7118,0.6568,1.0,0.8288,10.677,22.988,15.0,0.0,8.288,15.0,0.0,0.0,71.953,71.953,56.0,1.0,False,False,False,False,True,379.0,15176934.52,302.0,10580853.18,2026.0,0.6972,True
2508505,Livramento,7041,72.0,🟡 Risco Médio,6,82.573,0.091997,0.17,0,1.0,0.15,0.0245237952581769,0.6286,0.58,1.0,0.3774,9.429,20.3,15.0,8.5,3.774,15.0,0.0,0.0,72.003,72.003,56.0,1.0,False,False,False,False,True,16.0,1558294.48,6.0,216315.52,2026.0,0.1388,False
2510105,Nova Floresta,9840,72.0,🟡 Risco Médio,6,105.8935,0.111911,0.05,0,1.0,1.0,0.032769906130578,0.9702,0.6191,1.0,0.5775,14.553,21.6685,15.0,0.0,5.775,15.0,0.0,0.0,71.9965,71.9965,56.0,1.0,False,False,False,False,True,43.0,305671.3,2.0,211559.5,2026.0,0.6921,True
2501609,Barra de Santa Rosa,13024,71.5,🟡 Risco Médio,6,102.627,0.094029,0.57,0,1.0,1.0,0.0330719099877074,1.0,0.5851,1.0,0.605,15.0,20.4785,15.0,0.0,6.05,15.0,0.0,0.0,71.5285,71.5285,56.0,1.0,False,False,False,False,True,64.0,3219770.65,22.0,376004.2,2026.0,0.1168,False
2506400,Gurinhém,14141,71.4,🟡 Risco Médio,6,116.61,0.190809,0.01,0,1.0,1.0,0.0332011702802634,0.613,0.7453,1.0,0.6074,9.195,26.0855,15.0,0.0,6.074,15.0,0.0,0.0,71.3545,71.3545,56.0,1.0,False,False,False,False,True,26.0,2844712.0199999996,0.0,0.0,2026.0,0.0,False
2510303,Nova Palmeira,4359,71.4,🟡 Risco Médio,6,131.161,0.340556,0.0,3,1.0,1.0,0.0760899905100146,0.5,0.9849,0.3,0.9899,7.5,34.4715,15.0,0.0,9.899,4.5,0.0,0.0,71.37049999999999,71.37049999999999,56.0,1.0,False,False,False,False,True,114.0,8626158.15,52.0,218764.6,2026.0,0.0254,False
2514909,São Mamede,7629,71.3,🟡 Risco Médio,6,73.9305,0.115666,0.72,0,1.0,0.0,0.0356222530589777,0.1965,0.6251,1.0,0.6442,2.9475,21.8785,15.0,10.0,6.442,15.0,0.0,0.0,71.268,71.268,56.0,1.0,False,False,False,False,True,11.0,2383935.84,0.0,0.0,2026.0,0.0,False
2511806,Pirpirituba,9411,71.3,🟡 Risco Médio,4,103.0216,0.175405,2.19,0,0.6666666666666666,1.0,0.0341586276824674,1.0,0.7206,1.0,0.6105,15.0,25.221,10.0,0.0,6.105,15.0,0.0,0.0,71.32600000000001,71.32600000000001,56.0,1.0,False,False,False,False,True,,,,,,,
2511707,Pilõezinhos,5539,71.2,🟡 Risco Médio,6,115.1555,0.229611,0.22,0,1.0,1.0,0.0210203487680671,0.6615,0.8074,1.0,0.3003,9.9225,28.259,15.0,0.0,3.003,15.0,0.0,0.0,71.1845,71.1845,56.0,1.0,False,False,False,False,True,110.0,462843.58,67.0,0.0,2026.0,0.0,False
2500205,Aguiar,5026,71.1,🟡 Risco Médio,6,103.9755,0.139557,1.23,0,1.0,1.0,0.0205610337959112,1.0,0.6633,1.0,0.2909,15.0,23.2155,15.0,0.0,2.909,15.0,0.0,0.0,71.1245,71.1245,56.0,1.0,False,False,False,False,True,1.0,7250.0,1.0,7250.0,2025.0,1.0,True
2512747,Riachão,2945,71.0,🟡 Risco Médio,6,87.068,0.13854,0.22,0,1.0,1.0,0.0298000476666323,0.8534,0.6617,1.0,0.5049,12.801,23.1595,15.0,0.0,5.049,15.0,0.0,0.0,71.0095,71.0095,56.0,1.0,False,False,False,False,True,117.0,6841775.61,80.0,6534335.01,2026.0,0.9551,True
2506103,Fagundes,11307,71.0,🟡 Risco Médio,6,108.8785,0.195556,0.0,4,1.0,0.0,0.0282724925681744,0.8707,0.7529,0.1,0.5131,13.0605,26.3515,15.0,10.0,5.131,1.5,0.0,0.0,71.043,71.043,56.0,1.0,False,False,False,False,True,20.0,8411278.33,0.0,0.0,2026.0,0.0,False
2511608,Pilões,6974,70.6,🟡 Risco Médio,6,102.463,0.187367,0.06,4,1.0,0.0,0.0217591321644212,1.0,0.7398,0.1,0.3158,15.0,25.893,15.0,10.0,3.158,1.5,0.0,0.0,70.551,70.551,56.0,1.0,False,False,False,False,True,,,,,,,
2511202,Pedras de Fogo,31356,70.4,🟡 Risco Médio,5,96.4458,0.26988,0.89,3,0.8333333333333334,1.0,0.0447798344959155,1.0,0.8718,0.3,0.7922,15.0,30.513,12.5,0.0,7.922,4.5,0.0,0.0,70.435,70.435,56.0,1.0,False,False,False,False,True,59.0,2064213.8800000001,15.0,2064213.8800000001,2026.0,1.0,True
2513703,Santa Rita,160852,70.1,🟡 Risco Médio,6,80.5445,0.150688,0.32,3,1.0,0.1,0.072598254557883,0.5272,0.6811,0.3,0.9806,7.908,23.8385,15.0,9.0,9.806,4.5,0.0,0.0,70.0525,70.0525,56.0,1.0,False,False,False,False,True,289.0,38491793.39,178.0,8364338.47,2026.0,0.2173,False
2508901,Mamanguape,46966,70.1,🟡 Risco Médio,6,97.5835,0.000591,0.31,1,1.0,0.15,0.0461586589652647,1.0,0.3515,0.75,0.8093,15.0,12.3025,15.0,8.5,8.093,11.25,0.0,0.0,70.1455,70.1455,56.0,1.0,False,False,False,False,True,117.0,21599243.669999998,41.0,2507485.52,2026.0,0.1161,False
2516904,Uiraúna,15431,69.8,🟡 Risco Médio,6,104.0375,0.110313,2.39,5,1.0,0.0,0.0468828446694528,1.0,0.6165,0.0,0.8179,15.0,21.5775,15.0,10.0,8.179,0.0,0.0,0.0,69.7565,69.7565,56.0,1.0,False,False,False,False,True,174.0,34529105.86,111.0,6746479.09,2026.0,0.1954,False
2501351,Assunção,4383,69.7,🟡 Risco Médio,6,96.168,0.014816,1.14,1,1.0,0.05,0.0313967384715784,1.0,0.387,0.75,0.5442,15.0,13.545,15.0,9.5,5.442,11.25,0.0,0.0,69.737,69.737,56.0,1.0,False,False,False,False,True,49.0,8601027.78,21.0,156022.46000000002,2026.0,0.0181,False
2516003,Solânea,27748,69.6,🟡 Risco Médio,6,104.2075,0.049559,0.01,0,1.0,1.0,0.045904901933749,1.0,0.4739,1.0,0.8063,15.0,16.5865,15.0,0.0,8.063,15.0,0.0,0.0,69.6495,69.6495,56.0,1.0,False,False,False,False,True,190.0,10408946.06,99.0,512955.56,2026.0,0.0493,False
2509206,Massaranduba,14756,69.2,🟡 Risco Médio,6,106.3355,0.075485,0.0,0,1.0,1.0,0.0327904292448929,0.9555,0.5387,1.0,0.5997,14.3325,18.8545,15.0,0.0,5.997,15.0,0.0,0.0,69.184,69.184,56.0,1.0,False,False,False,False,True,87.0,15494726.13,22.0,1200000.0,2026.0,0.0774,False
2501906,Belém,16710,69.1,🟡 Risco Médio,6,109.756,0.63248,0.96,4,1.0,1.0,0.0274574562305199,0.8415,1.0,0.1,0.4972,12.6225,35.0,15.0,0.0,4.972,1.5,0.0,0.0,69.0945,69.0945,56.0,1.0,False,False,False,False,True,113.0,2503933.77,43.0,755053.85,2026.0,0.3015,True
2505907,Emas,3036,69.1,🟡 Risco Médio,6,86.14,0.027648,0.04,0,1.0,0.1,0.0223534901742967,0.807,0.4191,1.0,0.3286,12.105,14.6685,15.0,9.0,3.286,15.0,0.0,0.0,69.0595,69.0595,56.0,1.0,False,False,False,False,True,56.0,6288648.02,0.0,0.0,2026.0,0.0,False
2517100,Várzea,2777,68.1,🟡 Risco Médio,6,70.094,0.169413,0.19,0,1.0,0.0,0.0218040146641636,0.0047,0.7111,1.0,0.3168,0.0705,24.8885,15.0,10.0,3.168,15.0,0.0,0.0,68.12700000000001,68.12700000000001,56.0,1.0,False,False,False,False,True,67.0,4383117.04,11.0,930920.0,2026.0,0.2124,False
2500502,Alagoinha,14140,67.9,🟡 Risco Médio,6,83.385,0.224827,0.37,1,1.0,1.0,0.0205525917399716,0.6693,0.7997,0.75,0.3661,10.0395,27.9895,15.0,0.0,3.661,11.25,0.0,0.0,67.94,67.94,56.0,1.0,False,False,False,False,True,27.0,6383196.5,0.0,0.0,2026.0,0.0,False
2500809,Araçagi,16991,67.2,🟡 Risco Médio,6,102.039,0.06308,0.04,0,1.0,1.0,0.0247854603735505,1.0,0.5077,1.0,0.4454,15.0,17.7695,15.0,0.0,4.454,15.0,0.0,0.0,67.2235,67.2235,56.0,1.0,False,False,False,False,True,44.0,11305816.4,5.0,1022927.16,2026.0,0.0905,False
2512036,Poço Dantas,3934,67.2,🟡 Risco Médio,6,120.126,0.658265,0.33,6,1.0,1.0,0.0667316180224299,0.5,1.0,0.0,0.9749,7.5,35.0,15.0,0.0,9.749,0.0,0.0,0.0,67.249,67.249,56.0,1.0,False,False,False,False,True,19.0,4119072.0700000003,2.0,162411.2,2026.0,0.0394,False
2508802,Malta,6288,67.1,🟡 Risco Médio,6,77.7465,0.08733,0.46,0,1.0,0.25,0.0250807547748153,0.3873,0.5683,1.0,0.3904,5.8095,19.8905,15.0,7.5,3.904,15.0,0.0,0.0,67.104,67.104,56.0,1.0,False,False,False,False,True,63.0,6440151.68,40.0,1751311.56,2026.0,0.2719,False
2515906,Serraria,4754,67.0,🟡 Risco Médio,6,104.0115,0.099417,0.0,1,1.0,1.0,0.0286131643348838,1.0,0.5985,0.75,0.4757,15.0,20.9475,15.0,0.0,4.757,11.25,0.0,0.0,66.9545,66.9545,56.0,1.0,False,False,False,False,True,74.0,7221409.6,44.0,3889563.06,2026.0,0.5386,True
2513000,Salgadinho,3435,66.8,🟡 Risco Médio,6,87.7185,0.063661,0.13,0,1.0,1.0,0.0322692095502118,0.8859,0.5092,1.0,0.5654,13.2885,17.822,15.0,0.0,5.654,15.0,0.0,0.0,66.7645,66.7645,56.0,1.0,False,False,False,False,True,31.0,6536561.59,1.0,105118.77,2026.0,0.0161,False
2515807,Serra Redonda,6975,66.8,🟡 Risco Médio,6,107.3405,0.087642,1.03,0,1.0,1.0,0.0212891799273555,0.922,0.5691,1.0,0.3059,13.83,19.9185,15.0,0.0,3.059,15.0,0.0,0.0,66.8075,66.8075,56.0,1.0,False,False,False,False,True,16.0,4867305.87,1.0,0.0,2026.0,0.0,False
2503704,Cajazeiras,66585,66.5,🟡 Risco Médio,6,100.408,-0.009602,0.11,3,1.0,0.0,0.1146076197324451,1.0,0.3433,0.3,0.9997,15.0,12.0155,15.0,10.0,9.997,4.5,0.0,0.0,66.5125,66.5125,56.0,1.0,False,False,False,False,False,339.0,155825283.35999998,213.0,14508150.83,2027.0,0.0931,False
2504009,Campina Grande,443911,66.5,🟡 Risco Médio,6,95.3005,-0.029935,0.06,0,1.0,1.0,0.1608038654498474,1.0,0.329,1.0,1.0,15.0,11.515,15.0,0.0,10.0,15.0,0.0,0.0,66.515,66.515,56.0,1.0,False,False,False,False,False,1182.0,490666312.22,896.0,122821543.12,2027.0,0.2503,False
2516607,Tavares,14473,66.3,🟡 Risco Médio,6,89.3975,0.033829,0.03,0,1.0,1.0,0.0358179907977526,0.9699,0.4346,1.0,0.6548,14.5485,15.211,15.0,0.0,6.548,15.0,0.0,0.0,66.3075,66.3075,56.0,1.0,False,False,False,False,True,51.0,10587800.59,2.0,347865.0,2026.0,0.0329,False
2509800,Mulungu,8909,66.2,🟡 Risco Médio,6,94.8715,0.154077,0.5,2,1.0,1.0,0.0283057124971521,1.0,0.6865,0.5,0.4681,15.0,24.0275,15.0,0.0,4.681,7.5,0.0,0.0,66.2085,66.2085,56.0,1.0,False,False,False,False,True,31.0,780520.0,1.0,780520.0,2026.0,1.0,True
2509404,Mogeiro,14435,66.1,🟡 Risco Médio,6,107.5735,0.052631,0.14,3,1.0,0.0,0.0328741131676928,0.9142,0.4816,0.3,0.6013,13.713,16.856,15.0,10.0,6.013,4.5,0.0,0.0,66.082,66.082,56.0,1.0,False,False,False,False,True,98.0,18564873.05,46.0,371749.34,2026.0,0.02,False
2517209,Vieirópolis,4967,66.0,🟡 Risco Médio,6,77.6045,0.085125,0.0,0,1.0,0.15,0.0158661441187209,0.3802,0.5628,1.0,0.2052,5.703,19.698,15.0,8.5,2.052,15.0,0.0,0.0,65.953,65.953,56.0,1.0,False,False,False,False,True,42.0,10090972.64,18.0,2608514.21,2026.0,0.2585,False
2512408,Puxinanã,14942,65.8,🟡 Risco Médio,6,113.9815,0.090917,0.07,0,1.0,1.0,0.0280569927398605,0.7006,0.5773,1.0,0.5089,10.509,20.2055,15.0,0.0,5.089,15.0,0.0,0.0,65.8035,65.8035,56.0,1.0,False,False,False,False,True,41.0,16511391.379999999,0.0,0.0,2026.0,0.0,False
2506004,Esperança,32599,65.6,🟡 Risco Médio,6,103.875,0.001587,1.22,0,1.0,1.0,0.0475838044330383,1.0,0.354,1.0,0.8259,15.0,12.39,15.0,0.0,8.259,15.0,0.0,0.0,65.649,65.649,56.0,1.0,False,False,False,False,True,163.0,47728022.48,105.0,27287604.52,2026.0,0.5717,True
2514404,São José de Espinharas,4056,65.5,🟡 Risco Médio,6,76.597,0.202235,0.03,0,1.0,1.0,0.0246021648608491,0.3298,0.7636,1.0,0.3792,4.947,26.726,15.0,0.0,3.792,15.0,0.0,0.0,65.465,65.465,56.0,1.0,False,False,False,False,True,27.0,756861.74,0.0,0.0,2026.0,0.0,False
2513109,Salgado de São Félix,11741,65.4,🟡 Risco Médio,6,97.823,0.079737,0.83,1,1.0,1.0,0.0273520029175184,1.0,0.5493,0.75,0.4952,15.0,19.2255,15.0,0.0,4.952,11.25,0.0,0.0,65.4275,65.4275,56.0,1.0,False,False,False,False,True,38.0,931623.77,11.0,321254.66000000003,2026.0,0.3448,True
2511004,Pedra Branca,3851,65.4,🟡 Risco Médio,5,82.9105,0.26696,,0,0.8333333333333334,0.0,0.0203757036316949,0.6455,0.8671,,0.2871,9.6825,30.3485,12.5,10.0,2.871,0.0,0.0,0.0,65.402,65.402,56.0,1.0,False,False,False,False,True,5.0,67926.05,0.0,0.0,2025.0,0.0,False
2502300,Bom Sucesso,4720,64.7,🟡 Risco Médio,3,82.0778,0.200012,0.0,1,0.5,0.25,0.0200818079343984,0.6039,0.76,0.75,0.2812,9.0585,26.6,7.5,7.5,2.812,11.25,0.0,0.0,64.7205,64.7205,56.0,1.0,False,False,False,False,True,48.0,3082611.25,24.0,390631.25,2026.0,0.1267,False
2508307,Lagoa Seca,29209,64.5,🟡 Risco Médio,6,111.403,0.023685,0.03,0,1.0,1.0,0.0490127766547763,0.7866,0.4092,1.0,0.8413,11.799,14.322,15.0,0.0,8.413,15.0,0.0,0.0,64.53399999999999,64.53399999999999,56.0,1.0,False,False,False,False,True,167.0,35526168.18,89.0,21983073.63,2026.0,0.6188,True
2501500,Bananeiras,24134,64.3,🟡 Risco Médio,6,103.43,0.011794,0.04,1,1.0,1.0,0.0747966395346009,1.0,0.3795,0.75,0.9753,15.0,13.2825,15.0,0.0,9.753,11.25,0.0,0.0,64.2855,64.2855,56.0,1.0,False,False,False,False,True,73.0,3182254.2,19.0,69424.5,2026.0,0.0218,False
2505501,Vista Serrana,3772,64.1,🟡 Risco Médio,6,79.429,0.132792,0.02,0,1.0,1.0,0.0261683807469681,0.4715,0.6525,1.0,0.4162,7.0725,22.8375,15.0,0.0,4.162,15.0,0.0,0.0,64.072,64.072,56.0,1.0,False,False,False,False,True,49.0,6642118.17,17.0,434390.04000000004,2026.0,0.0654,False
2500908,Arara,12482,63.9,🟡 Risco Médio,6,108.341,0.23335,3.43,4,1.0,1.0,0.0305723035258156,0.8886,0.8134,0.1,0.5576,13.329,28.469,15.0,0.0,5.576,1.5,0.0,0.0,63.874,63.874,56.0,1.0,False,False,False,False,True,105.0,5599118.07,69.0,657149.88,2026.0,0.1174,False
2512804,Riacho dos Cavalos,8788,63.8,🟡 Risco Médio,6,94.237,0.013263,3.52,0,1.0,1.0,0.0310316492515056,1.0,0.3832,1.0,0.5352,15.0,13.412,15.0,0.0,5.352,15.0,0.0,0.0,63.764,63.764,56.0,1.0,False,False,False,False,True,130.0,9267962.05,81.0,148695.7,2026.0,0.016,False
2511103,Pedra Lavrada,6980,63.5,🟡 Risco Médio,6,119.774,0.114073,0.03,5,1.0,0.0,0.0527640947592586,0.5075,0.6225,0.0,0.9075,7.6125,21.7875,15.0,10.0,9.075,0.0,0.0,0.0,63.47500000000001,63.47500000000001,56.0,1.0,False,False,False,False,True,30.0,5399360.35,5.0,423560.7,2026.0,0.0784,False
2505105,Cuité,20208,63.3,🟡 Risco Médio,6,109.995,0.103007,0.56,2,1.0,1.0,0.0389978100351523,0.8335,0.6048,0.5,0.7085,12.5025,21.168,15.0,0.0,7.085,7.5,0.0,0.0,63.2555,63.2555,56.0,1.0,False,False,False,False,True,138.0,32716126.77,83.0,9890009.709999999,2026.0,0.3023,True
2503902,Camalaú,6327,63.2,🟡 Risco Médio,6,80.7685,0.120212,0.13,0,1.0,1.0,0.0208382032706955,0.5384,0.6323,1.0,0.2965,8.076,22.1305,15.0,0.0,2.965,15.0,0.0,0.0,63.17150000000001,63.17150000000001,56.0,1.0,False,False,False,False,True,47.0,7024259.1,12.0,263219.1,2026.0,0.0375,False
2500577,Algodão de Jandaíra,3143,63.0,🟡 Risco Médio,6,84.5475,0.67453,0.36,6,1.0,1.0,0.0159583608055797,0.7274,1.0,0.0,0.2067,10.911,35.0,15.0,0.0,2.067,0.0,0.0,0.0,62.978,62.978,56.0,1.0,False,False,False,False,True,9.0,85800.0,3.0,85800.0,2026.0,1.0,True
2500106,Água Branca,9580,62.9,🟡 Risco Médio,6,92.014,0.017075,0.69,0,1.0,1.0,0.0261509484951896,1.0,0.3927,1.0,0.4158,15.0,13.7445,15.0,0.0,4.158,15.0,0.0,0.0,62.9025,62.9025,56.0,1.0,False,False,False,False,True,55.0,3252348.53,22.0,498610.74,2026.0,0.1533,False
2510907,Paulista,12172,62.5,🟡 Risco Médio,6,131.496,0.07034,0.21,0,1.0,1.0,0.0361601205265413,0.5,0.5258,1.0,0.6608,7.5,18.403,15.0,0.0,6.608,15.0,0.0,0.0,62.511,62.511,56.0,1.0,False,False,False,False,True,53.0,9626514.73,6.0,0.0,2026.0,0.0,False
2515500,Serra Branca,14131,62.1,🟡 Risco Médio,5,88.27,0.141397,0.33,0,0.8333333333333334,0.45,0.0306085786438906,0.9135,0.6662,1.0,0.5583,13.7025,9.8374,12.5,5.5,5.583,15.0,0.0,0.0,62.1229,62.1229,421.0,0.4219,False,False,True,False,True,47.0,7314165.0,6.0,433806.87,2026.0,0.0593,False
2505808,Duas Estradas,3360,62.1,🟡 Risco Médio,6,93.8735,0.060446,0.01,1,1.0,1.0,0.0226861323414575,1.0,0.5011,0.75,0.3359,15.0,17.5385,15.0,0.0,3.359,11.25,0.0,0.0,62.1475,62.1475,56.0,1.0,False,False,False,False,True,23.0,3540849.0,1.0,99125.0,2026.0,0.028,False
2510204,Nova Olinda,5897,61.9,🟡 Risco Médio,5,99.7055,0.038792,4.28,0,0.8333333333333334,1.0,0.0245040095919953,1.0,0.447,1.0,0.377,15.0,15.645,12.5,0.0,3.77,15.0,0.0,0.0,61.915,61.915,56.0,1.0,False,False,False,False,True,97.0,9542269.01,63.0,3442925.86,2026.0,0.3608,True
2511905,Pitimbu,17166,61.9,🟡 Risco Médio,6,87.9565,0.024738,0.36,4,1.0,0.1,0.0504789824355041,0.8978,0.4118,0.1,0.856,13.467,14.413,15.0,9.0,8.56,1.5,0.0,0.0,61.940000000000005,61.940000000000005,56.0,1.0,False,False,False,False,True,41.0,567336.7,0.0,0.0,2026.0,0.0,False
2507804,Junco do Seridó,7019,61.7,🟡 Risco Médio,6,77.118,0.08985,0.34,1,1.0,1.0,0.127853707385854,0.3559,0.5746,0.75,0.9999,5.3385,20.111,15.0,0.0,9.999,11.25,0.0,0.0,61.6985,61.6985,56.0,1.0,False,False,False,False,False,34.0,10072646.64,0.0,0.0,2026.0,0.0,False
2516755,Tenório,3082,61.3,🟡 Risco Médio,6,87.51,0.088449,0.15,1,1.0,1.0,0.0147906482048177,0.8755,0.5711,0.75,0.1884,13.1325,19.9885,15.0,0.0,1.884,11.25,0.0,0.0,61.255,61.255,56.0,1.0,False,False,False,False,True,4.0,806768.12,2.0,108366.02,2026.0,0.1343,False
2506707,Imaculada,10497,61.3,🟡 Risco Médio,6,84.467,0.062628,0.28,4,1.0,0.1,0.03981880475017,0.7233,0.5066,0.1,0.7215,10.8495,17.731,15.0,9.0,7.215,1.5,0.0,0.0,61.2955,61.2955,56.0,1.0,False,False,False,False,True,38.0,3268728.04,17.0,3028278.04,2026.0,0.9264,True
2510501,Olivedos,3675,61.2,🟡 Risco Médio,6,88.2245,0.014946,0.53,0,1.0,1.0,0.0252551965818157,0.9112,0.3874,1.0,0.3945,13.668,13.559,15.0,0.0,3.945,15.0,0.0,0.0,61.172,61.172,56.0,1.0,False,False,False,False,True,16.0,7504794.0,3.0,430000.0,2026.0,0.0573,False
2502102,Boa Ventura,5246,61.1,🟡 Risco Médio,5,97.1945,0.048261,,0,0.8333333333333334,1.0,0.0165685527543428,1.0,0.4707,1.0,0.2167,15.0,16.4745,12.5,0.0,2.167,15.0,0.0,0.0,61.1415,61.1415,56.0,1.0,False,False,False,False,True,90.0,1918751.77,48.0,0.0,2026.0,0.0,False
2509602,Monte Horebe,4429,60.9,🟡 Risco Médio,6,103.717,-0.021291,1.01,3,1.0,0.1,0.0324185368608798,1.0,0.3351,0.3,0.569,15.0,11.7285,15.0,9.0,5.69,4.5,0.0,0.0,60.9185,60.9185,56.0,1.0,False,False,False,False,True,76.0,27273148.35,32.0,829684.27,2026.0,0.0304,False
2516409,Tacima,7794,60.6,🟡 Risco Médio,6,103.478,-0.006701,0.41,0,1.0,1.0,0.0233134622273623,1.0,0.3453,1.0,0.3498,15.0,12.0855,15.0,0.0,3.498,15.0,0.0,0.0,60.5835,60.5835,56.0,1.0,False,False,False,False,True,66.0,2801023.51,34.0,1709348.73,2026.0,0.6103,True
2504355,Caturité,5544,60.6,🟡 Risco Médio,6,102.25,-0.003661,0.08,0,1.0,1.0,0.0232555185187914,1.0,0.3474,1.0,0.3485,15.0,12.159,15.0,0.0,3.485,15.0,0.0,0.0,60.644,60.644,56.0,1.0,False,False,False,False,True,23.0,5228581.2700000005,0.0,0.0,2026.0,0.0,False
2503308,Cachoeira dos Índios,9335,60.4,🟡 Risco Médio,6,67.505,0.097657,0.74,0,1.0,1.0,0.0629534032644953,0.0,0.5941,1.0,0.964,0.0,20.7935,15.0,0.0,9.64,15.0,0.0,0.0,60.4335,60.4335,56.0,1.0,False,False,False,False,True,108.0,19328198.23,79.0,6251385.43,2026.0,0.3234,True
2503506,Cacimba de Dentro,16332,60.2,🟡 Risco Médio,6,93.408,0.040725,1.43,5,1.0,0.15,0.0324067030565465,1.0,0.4518,0.0,0.5925,15.0,15.813,15.0,8.5,5.925,0.0,0.0,0.0,60.238,60.238,56.0,1.0,False,False,False,False,True,71.0,3288307.99,32.0,1121658.44,2026.0,0.3411,True
2504850,Coxixola,1888,78.8,🔴 Risco Alto,2,100.66,0.27715,,0,0.3333333333333333,0.0,0.0206718262408778,1.0,0.8834,1.0,0.2931,15.0,30.919,5.0,10.0,2.931,15.0,0.0,0.0,78.85,78.85,56.0,1.0,False,False,False,False,True,40.0,2625027.8400000003,11.0,80182.36,2026.0,0.0305,False
2506202,Frei Martinho,2911,66.7,🔴 Risco Alto,2,101.0523,0.242092,0.1,0,0.3333333333333333,1.0,0.0195781930412541,1.0,0.8273,1.0,0.2713,15.0,28.9555,5.0,0.0,2.713,15.0,0.0,0.0,66.6685,66.6685,56.0,1.0,False,False,False,False,True,20.0,3588588.6399999997,3.0,92062.05,2026.0,0.0257,False
2514206,São José da Lagoa Tapada,7251,65.4,🔴 Risco Alto,2,77.4733,0.171598,0.87,0,0.3333333333333333,0.1,0.0328702157989798,0.3737,0.7146,1.0,0.5799,5.6055,25.011,5.0,9.0,5.799,15.0,0.0,0.0,65.41550000000001,65.41550000000001,56.0,1.0,False,False,False,False,True,125.0,22438915.32,44.0,8215164.13,2026.0,0.3661,True
2508000,Juru,9380,59.8,🔴 Risco Alto,5,91.7168,0.006631,0.09,0,0.8333333333333334,1.0,0.0276107333750664,1.0,0.3666,1.0,0.4511,15.0,12.831,12.5,0.0,4.511,15.0,0.0,0.0,59.842000000000006,59.842000000000006,56.0,1.0,False,False,False,False,True,97.0,12212548.52,57.0,4526456.77,2026.0,0.3706,True
2504900,Cruz do Espírito Santo,17821,59.4,🔴 Risco Alto,6,103.533,-0.002401,0.02,1,1.0,1.0,0.0328076528281504,1.0,0.3483,0.75,0.6001,15.0,12.1905,15.0,0.0,6.001,11.25,0.0,0.0,59.4415,59.4415,56.0,1.0,False,False,False,False,True,,,,,,,
2509107,Mari,22170,59.3,🔴 Risco Alto,6,105.354,-0.023305,0.4,1,1.0,1.0,0.0360914990005034,0.9882,0.3337,0.75,0.6596,14.823,11.6795,15.0,0.0,6.596,11.25,0.0,0.0,59.3485,59.3485,56.0,1.0,False,False,False,False,True,145.0,25721087.72,90.0,8025232.45,2026.0,0.312,True
2512721,Pedro Régis,5932,59.2,🔴 Risco Alto,6,105.032,0.075985,0.61,5,1.0,0.15,0.0142817046690157,0.9989,0.54,0.0,0.1809,14.9835,18.9,15.0,8.5,1.809,0.0,0.0,0.0,59.1925,59.1925,56.0,1.0,False,False,False,False,True,35.0,4537196.89,1.0,65536.0,2026.0,0.0144,False
2505402,Desterro,8314,58.8,🔴 Risco Alto,6,88.486,0.048157,0.17,6,1.0,0.1,0.0272862035133656,0.9243,0.4704,0.0,0.4432,13.8645,16.464,15.0,9.0,4.432,0.0,0.0,0.0,58.7605,58.7605,56.0,1.0,False,False,False,False,True,48.0,12339099.24,3.0,98574.18,2026.0,0.008,False
2509909,Natuba,8935,58.8,🔴 Risco Alto,6,111.0075,0.183955,0.21,4,1.0,1.0,0.0279699607188914,0.7998,0.7343,0.1,0.4599,11.997,25.7005,15.0,0.0,4.599,1.5,0.0,0.0,58.79650000000001,58.79650000000001,56.0,1.0,False,False,False,False,True,77.0,7527603.59,36.0,3511947.59,2026.0,0.4665,True
2500536,Alcantil,5806,58.6,🔴 Risco Alto,6,108.3415,0.075167,0.01,2,1.0,1.0,0.0253923161088914,0.8886,0.5379,0.5,0.3977,13.329,18.8265,15.0,0.0,3.977,7.5,0.0,0.0,58.6325,58.6325,56.0,1.0,False,False,False,False,True,133.0,28006899.61,67.0,5035427.4,2026.0,0.1798,False
2504108,Carrapateira,2365,58.5,🔴 Risco Alto,6,101.9525,0.03417,2.0,6,1.0,0.15,0.0284623378716384,1.0,0.4354,0.0,0.472,15.0,15.239,15.0,8.5,4.72,0.0,0.0,0.0,58.459,58.459,56.0,1.0,False,False,False,False,True,28.0,2656979.54,10.0,437083.9,2026.0,0.1645,False
2514503,São José de Piranhas,19561,57.8,🔴 Risco Alto,6,78.2525,-0.01655,0.29,0,1.0,1.0,0.0766997461219677,0.4126,0.3384,1.0,0.9786,6.189,11.844,15.0,0.0,9.786,15.0,0.0,0.0,57.819,57.819,56.0,1.0,False,False,False,False,True,88.0,12221120.28,12.0,1104429.09,2026.0,0.0904,False
2513901,São Bento,33845,57.7,🔴 Risco Alto,6,119.136,0.180537,0.3,5,1.0,1.0,0.0602373193778315,0.5288,0.7289,0.0,0.9271,7.932,25.5115,15.0,0.0,9.271,0.0,0.0,0.0,57.7145,57.7145,56.0,1.0,False,False,False,False,True,223.0,133754112.54,99.0,25974827.5,2026.0,0.1942,False
2515005,São Miguel de Taipu,7307,57.6,🔴 Risco Alto,5,76.008,0.090679,0.16,0,0.8333333333333334,1.0,0.0310705676262187,0.3004,0.5767,1.0,0.5362,4.506,20.1845,12.5,0.0,5.362,15.0,0.0,0.0,57.5525,57.5525,56.0,1.0,False,False,False,False,True,34.0,3076560.64,18.0,2129201.41,2026.0,0.6921,True
2513356,Santa Inês,3256,57.3,🔴 Risco Alto,5,85.945,-0.061295,0.0,1,0.8333333333333334,0.15,0.0178226996233461,0.7972,0.3071,0.75,0.2384,11.958,10.7485,12.5,8.5,2.384,11.25,0.0,0.0,57.3405,57.3405,56.0,1.0,False,False,False,False,True,23.0,467882.1,8.0,467882.1,2026.0,1.0,True
2504157,Casserengue,7052,57.3,🔴 Risco Alto,6,105.1935,0.067986,0.01,3,1.0,1.0,0.0281879815254714,0.9936,0.52,0.3,0.4652,14.904,18.2,15.0,0.0,4.652,4.5,0.0,0.0,57.256,57.256,56.0,1.0,False,False,False,False,True,2.0,207592.03,2.0,207592.03,2025.0,1.0,True
2509057,Marcação,9537,57.2,🔴 Risco Alto,6,104.6655,0.004862,0.18,1,1.0,1.0,0.0224148058433157,1.0,0.3622,0.75,0.3299,15.0,12.677,15.0,0.0,3.299,11.25,0.0,0.0,57.226,57.226,56.0,1.0,False,False,False,False,True,35.0,4952764.48,3.0,123408.61,2026.0,0.0249,False
2512762,Riachão do Poço,4989,56.6,🔴 Risco Alto,6,102.5955,0.009428,3.81,4,1.0,0.4,0.0339524130450406,1.0,0.3736,0.1,0.6057,15.0,13.076,15.0,6.0,6.057,1.5,0.0,0.0,56.633,56.633,56.0,1.0,False,False,False,False,True,12.0,2231144.65,0.0,0.0,2026.0,0.0,False
2516201,Sousa,70066,55.8,🔴 Risco Alto,6,88.9055,-0.185948,0.96,6,1.0,0.1,0.0786012881780188,0.9453,0.2198,0.0,0.989,14.1795,7.693,15.0,9.0,9.89,0.0,0.0,0.0,55.7625,55.7625,56.0,1.0,False,False,False,False,True,301.0,41137485.53,132.0,15208935.15,2026.0,0.3697,True
2505238,Cuité de Mamanguape,6441,55.8,🔴 Risco Alto,6,95.608,0.064963,0.09,4,1.0,1.0,0.035462444876203,1.0,0.5124,0.1,0.6406,15.0,17.934,15.0,0.0,6.406,1.5,0.0,0.0,55.84,55.84,56.0,1.0,False,False,False,False,True,1.0,214097.25,1.0,214097.25,2025.0,1.0,True
2500775,Aparecida,8257,55.0,🔴 Risco Alto,6,108.4565,0.032323,0.5,5,1.0,0.3,0.0280627439635805,0.8848,0.4308,0.0,0.4622,13.272,15.078,15.0,7.0,4.622,0.0,0.0,0.0,54.972,54.972,56.0,1.0,False,False,False,False,True,90.0,38377778.85,51.0,8384678.12,2026.0,0.2185,False
2504207,Catingueira,4556,54.9,🔴 Risco Alto,6,80.0865,0.064881,0.07,4,1.0,0.05,0.0229639967440372,0.5043,0.5122,0.1,0.342,7.5645,17.927,15.0,9.5,3.42,1.5,0.0,0.0,54.9115,54.9115,56.0,1.0,False,False,False,False,True,34.0,3170207.12,2.0,93173.38,2026.0,0.0294,False
2501401,Baía da Traição,9741,54.7,🔴 Risco Alto,6,107.785,0.106337,0.01,5,1.0,1.0,0.0285108310088777,0.9072,0.6101,0.0,0.4732,13.608,21.3535,15.0,0.0,4.732,0.0,0.0,0.0,54.6935,54.6935,56.0,1.0,False,False,False,False,True,71.0,23891487.36,16.0,1313548.0,2026.0,0.055,False
2514701,São José do Sabugi,4283,54.2,🔴 Risco Alto,6,80.752,0.016901,1.13,2,1.0,1.0,0.0834842826044961,0.5376,0.3923,0.5,0.9951,8.064,13.7305,15.0,0.0,9.951,7.5,0.0,0.0,54.2455,54.2455,56.0,1.0,False,False,False,False,False,78.0,3577140.62,42.0,746901.3200000001,2026.0,0.2088,False
2503605,Caiçara,6684,54.2,🔴 Risco Alto,6,78.764,0.032981,1.54,0,1.0,1.0,0.018406539619348,0.4382,0.4325,1.0,0.2491,6.573,15.1375,15.0,0.0,2.491,15.0,0.0,0.0,54.2015,54.2015,56.0,1.0,False,False,False,False,True,73.0,4939394.22,63.0,4939394.22,2026.0,1.0,True
2517001,Umbuzeiro,9274,53.8,🔴 Risco Alto,6,106.871,-0.07534,0.46,6,1.0,0.0,0.0268305399862034,0.9376,0.2973,0.0,0.4322,14.064,10.4055,15.0,10.0,4.322,0.0,0.0,0.0,53.7915,53.7915,56.0,1.0,False,False,False,False,True,91.0,5926784.39,58.0,2315003.87,2026.0,0.3906,True
2513802,Santa Teresinha,4492,53.4,🔴 Risco Alto,6,72.472,0.044886,0.04,0,1.0,1.0,0.0311310919755933,0.1236,0.4622,1.0,0.5377,1.854,16.177,15.0,0.0,5.377,15.0,0.0,0.0,53.408,53.408,56.0,1.0,False,False,False,False,True,17.0,1269796.52,0.0,0.0,2026.0,0.0,False
2507903,Juripiranga,10255,53.1,🔴 Risco Alto,6,95.0785,0.194913,0.64,2,1.0,1.0,0.0248403413402847,1.0,0.7519,0.5,0.4465,15.0,11.1029,15.0,0.0,4.465,7.5,0.0,0.0,53.0679,53.0679,421.0,0.4219,False,False,True,False,True,75.0,25656754.48,30.0,149330.3,2026.0,0.0058,False
2513653,Joca Claudino,2607,53.0,🔴 Risco Alto,6,85.713,0.122066,0.12,6,1.0,1.0,0.0253071165365084,0.7856,0.6353,0.0,0.3957,11.784,22.2355,15.0,0.0,3.957,0.0,0.0,0.0,52.9765,52.9765,56.0,1.0,False,False,False,False,True,79.0,9659151.98,40.0,1772564.57,2026.0,0.1835,False
2502003,Belém do Brejo do Cruz,6272,52.7,🔴 Risco Alto,5,78.79,-0.073394,0.04,0,0.8333333333333334,1.0,0.0447257129134035,0.4395,0.2986,1.0,0.8163,6.5925,10.451,12.5,0.0,8.163,15.0,0.0,0.0,52.706500000000005,52.706500000000005,56.0,1.0,False,False,False,False,True,31.0,4159588.4,0.0,0.0,2026.0,0.0,False
2510709,Passagem,2580,52.6,🔴 Risco Alto,6,85.898,-0.001264,0.07,1,1.0,1.0,0.0167115286705747,0.7949,0.3491,0.75,0.2191,11.9235,12.2185,15.0,0.0,2.191,11.25,0.0,0.0,52.583000000000006,52.583000000000006,56.0,1.0,False,False,False,False,True,21.0,1034235.73,2.0,61750.15,2026.0,0.0597,False
2501153,Areia de Baraúnas,2027,52.5,🔴 Risco Alto,6,86.9095,0.011672,0.39,3,1.0,1.0,0.0386520556654503,0.8455,0.3792,0.3,0.7094,12.6825,13.272,15.0,0.0,7.094,4.5,0.0,0.0,52.5485,52.5485,56.0,1.0,False,False,False,False,True,14.0,5274291.46,0.0,0.0,2026.0,0.0,False
2506806,Ingá,18234,52.4,🔴 Risco Alto,6,105.2445,0.073157,0.02,5,1.0,1.0,0.0219610373321753,0.9918,0.5329,0.0,0.3919,14.877,18.6515,15.0,0.0,3.919,0.0,0.0,0.0,52.4475,52.4475,56.0,1.0,False,False,False,False,True,60.0,24971835.21,3.0,288121.93,2026.0,0.0115,False
2512788,Riacho de Santo Antônio,2063,52.1,🔴 Risco Alto,6,94.7295,0.083355,0.71,6,1.0,1.0,0.0186551862339888,1.0,0.5584,0.0,0.2537,15.0,19.544,15.0,0.0,2.537,0.0,0.0,0.0,52.081,52.081,56.0,1.0,False,False,False,False,True,61.0,3915851.04,38.0,393144.18,2026.0,0.1004,False
2508208,Lagoa de Dentro,8123,51.3,🔴 Risco Alto,6,89.203,0.039388,1.76,4,1.0,1.0,0.0283363674083386,0.9602,0.4485,0.1,0.4689,14.403,15.6975,15.0,0.0,4.689,1.5,0.0,0.0,51.2895,51.2895,56.0,1.0,False,False,False,False,True,13.0,10404918.9,2.0,56847.4,2026.0,0.0055,False
2505279,Curral de Cima,5415,50.8,🔴 Risco Alto,6,111.788,-0.028485,0.01,2,1.0,1.0,0.0301138371021361,0.7737,0.3301,0.5,0.5127,11.6055,11.5535,15.0,0.0,5.127,7.5,0.0,0.0,50.786,50.786,56.0,1.0,False,False,False,False,True,99.0,9634803.56,59.0,659270.38,2026.0,0.0684,False
2503407,Cacimba de Areia,3344,50.6,🔴 Risco Alto,6,86.055,0.012724,0.05,2,1.0,1.0,0.019425489111001,0.8028,0.3818,0.5,0.2683,12.042,13.363,15.0,0.0,2.683,7.5,0.0,0.0,50.588,50.588,56.0,1.0,False,False,False,False,True,7.0,579152.17,0.0,0.0,2026.0,0.0,False
2501302,Aroeiras,19142,50.1,🔴 Risco Alto,6,87.611,-0.135346,0.04,6,1.0,0.15,0.0249385349560377,0.8806,0.2553,0.0,0.4484,13.209,8.9355,15.0,8.5,4.484,0.0,0.0,0.0,50.1285,50.1285,56.0,1.0,False,False,False,False,True,53.0,3329878.96,20.0,0.0,2026.0,0.0,False
2508406,Lastro,3316,49.8,🔴 Risco Alto,5,66.5889,0.04997,0.13,2,0.8333333333333334,0.0,0.0216651734081757,0.0,0.4749,0.5,0.3138,0.0,16.6215,12.5,10.0,3.138,7.5,0.0,0.0,49.7595,49.7595,56.0,1.0,False,False,False,False,True,47.0,10144649.7,24.0,3601382.08,2026.0,0.355,True
2504306,Catolé do Rocha,32288,49.7,🔴 Risco Alto,3,127.3033,,0.28,0,0.5,0.0,0.0743025935920358,0.5,,1.0,0.9744,7.5,0.0,7.5,10.0,9.744,15.0,0.0,0.0,49.744,49.744,,,False,,,False,True,183.0,69282399.03,87.0,12780238.02,2026.0,0.1845,False
2510006,Nazarezinho,7394,49.7,🔴 Risco Alto,6,76.928,0.187004,0.01,6,1.0,1.0,0.0241114379854217,0.3464,0.7392,0.0,0.3679,5.196,25.872,15.0,0.0,3.679,0.0,0.0,0.0,49.747,49.747,56.0,1.0,False,False,False,False,True,79.0,2690531.35,13.0,243619.35,2026.0,0.0905,False
2503001,Caaporã,21942,49.3,🔴 Risco Alto,6,104.437,0.0065,0.01,5,1.0,1.0,0.035726280729711,1.0,0.3662,0.0,0.6532,15.0,12.817,15.0,0.0,6.532,0.0,0.0,0.0,49.349,49.349,56.0,1.0,False,False,False,False,True,110.0,20353675.16,66.0,577150.24,2026.0,0.0284,False
2501807,Bayeux,83862,48.7,🔴 Risco Alto,6,93.8815,-0.203767,1.56,4,1.0,1.0,0.0791828545746816,1.0,0.2074,0.1,0.9896,15.0,7.259,15.0,0.0,9.896,1.5,0.0,0.0,48.655,48.655,56.0,1.0,False,False,False,False,True,141.0,63836313.77,52.0,187353.92,2026.0,0.0029,False
2501005,Araruna,17360,47.2,🔴 Risco Alto,6,106.8995,0.006734,1.93,6,1.0,1.0,0.0291056571813713,0.9367,0.3668,0.0,0.5293,14.0505,12.838,15.0,0.0,5.293,0.0,0.0,0.0,47.1815,47.1815,56.0,1.0,False,False,False,False,True,25.0,3349842.99,0.0,0.0,2026.0,0.0,False
2515203,São Sebastião do Umbuzeiro,3382,46.6,🔴 Risco Alto,1,80.95,0.071244,,0,0.1666666666666666,1.0,0.0179361206810351,0.5475,0.5281,1.0,0.2405,8.2125,18.4835,2.5,0.0,2.405,15.0,0.0,0.0,46.601,46.601,56.0,1.0,False,False,False,False,True,30.0,6621122.8,5.0,140935.5,2026.0,0.0213,False
2502052,Bernardino Batista,3677,46.6,🔴 Risco Alto,1,89.94,,0.0,0,0.1666666666666666,0.0,0.0262289382192855,0.997,,1.0,0.4177,14.955,0.0,2.5,10.0,4.177,15.0,0.0,0.0,46.632,46.632,,,False,,,False,True,127.0,13374332.91,63.0,4416538.77,2026.0,0.3302,True
2500734,Amparo,2328,46.5,🔴 Risco Alto,2,96.92,,,0,0.3333333333333333,0.0,0.0122516600205198,1.0,,1.0,0.1531,15.0,0.0,5.0,10.0,1.531,15.0,0.0,0.0,46.531,46.531,,,False,,,False,True,61.0,18638003.09,23.0,5315305.24,2026.0,0.2852,False
2515302,Sapé,53457,46.1,🔴 Risco Alto,6,99.5115,-0.199247,0.45,5,1.0,1.0,0.0520801722549213,1.0,0.2105,0.0,0.8756,15.0,7.3675,15.0,0.0,8.756,0.0,0.0,0.0,46.1235,46.1235,56.0,1.0,False,False,False,False,True,135.0,15974526.27,79.0,12895663.67,2026.0,0.8073,True
2500700,São João do Rio do Peixe,18500,45.9,🔴 Risco Alto,5,117.9442,-0.002437,0.04,1,0.8333333333333334,1.0,0.0496080389466136,0.5685,0.3483,0.75,0.8474,8.5275,5.1432,12.5,0.0,8.474,11.25,0.0,0.0,45.8947,45.8947,421.0,0.4219,False,False,True,False,True,97.0,42477158.75,56.0,7192300.41,2026.0,0.1693,False
2513968,São Domingos,2624,45.7,🔴 Risco Alto,2,73.2808,0.095264,1.32,0,0.3333333333333333,1.0,0.0191421057806893,0.164,0.5882,1.0,0.2629,2.46,20.587,5.0,0.0,2.629,15.0,0.0,0.0,45.676,45.676,56.0,1.0,False,False,False,False,True,53.0,2712685.71,1.0,89154.5,2026.0,0.0329,False
2507200,Itatuba,10840,45.3,🔴 Risco Alto,4,92.876,0.070508,0.09,2,0.6666666666666666,1.0,0.0279151208654071,1.0,0.5263,0.5,0.5061,15.0,7.7716,10.0,0.0,5.061,7.5,0.0,0.0,45.3326,45.3326,421.0,0.4219,False,False,True,False,True,89.0,6496205.06,45.0,4014945.3899999997,2026.0,0.618,True
2515971,Sobrado,8646,45.1,🔴 Risco Alto,6,106.575,-0.058113,0.11,6,1.0,1.0,0.0299872900657772,0.9475,0.3093,0.0,0.5095,14.2125,10.8255,15.0,0.0,5.095,0.0,0.0,0.0,45.133,45.133,56.0,1.0,False,False,False,False,True,30.0,12456862.540000001,2.0,232155.5,2026.0,0.0186,False
2513984,São Francisco,3176,45.0,🔴 Risco Alto,5,68.449,0.023133,0.0,0,0.8333333333333334,1.0,0.0221244061767434,0.0,0.4078,1.0,0.3236,0.0,14.273,12.5,0.0,3.236,15.0,0.0,0.0,45.009,45.009,56.0,1.0,False,False,False,False,True,139.0,5661238.92,71.0,4180.0,2026.0,0.0007,False
2512309,Princesa Isabel,21674,44.9,🔴 Risco Alto,6,113.0065,-0.050868,1.33,4,1.0,1.0,0.034917647105717,0.7331,0.3144,0.1,0.6388,10.9965,11.004,15.0,0.0,6.388,1.5,0.0,0.0,44.8885,44.8885,56.0,1.0,False,False,False,False,True,324.0,32198906.169999998,274.0,14074263.99,2026.0,0.4371,True
2510402,Olho d'Água,6059,44.7,🔴 Risco Alto,6,89.794,-0.009007,0.76,5,1.0,1.0,0.0201306649188912,0.9897,0.3437,0.0,0.2822,14.8455,12.0295,15.0,0.0,2.822,0.0,0.0,0.0,44.697,44.697,56.0,1.0,False,False,False,False,True,13.0,831221.52,0.0,0.0,2026.0,0.0,False
2502904,Brejo dos Santos,5816,43.5,🔴 Risco Alto,6,96.579,-0.083288,0.34,6,1.0,1.0,0.022219337270533,1.0,0.2917,0.0,0.3257,15.0,10.2095,15.0,0.0,3.257,0.0,0.0,0.0,43.4665,43.4665,56.0,1.0,False,False,False,False,True,68.0,1130668.57,22.0,310715.07,2026.0,0.2748,False
2505006,Cubati,7842,43.5,🔴 Risco Alto,6,83.5825,-0.025831,0.14,6,1.0,1.0,0.0367764443684749,0.6791,0.3319,0.0,0.6699,10.1865,11.6165,15.0,0.0,6.699,0.0,0.0,0.0,43.502,43.502,56.0,1.0,False,False,False,False,True,40.0,18900211.38,2.0,352408.3,2026.0,0.0186,False
2514008,São João do Cariri,4345,43.1,🔴 Risco Alto,4,101.7271,0.059269,0.14,0,0.6666666666666666,1.0,0.0214801211472468,1.0,0.4982,1.0,0.3099,15.0,0.0,10.0,0.0,3.099,15.0,0.0,0.0,43.099,43.099,787.0,0.0,False,False,True,False,True,64.0,3360583.11,6.0,211260.55,2026.0,0.0629,False
2515401,São Vicente do Seridó,10652,43.1,🔴 Risco Alto,5,91.3242,-0.07656,0.57,5,0.8333333333333334,1.0,0.0288741343243234,1.0,0.2964,0.0,0.5248,15.0,10.374,12.5,0.0,5.248,0.0,0.0,0.0,43.122,43.122,56.0,1.0,False,False,False,False,True,72.0,5648530.79,57.0,5298053.54,2026.0,0.938,True
2513851,Santo André,2708,42.8,🔴 Risco Alto,6,77.3905,-0.121761,0.01,4,1.0,0.05,0.0152649672907567,0.3695,0.2648,0.1,0.1957,5.5425,9.268,15.0,9.5,1.957,1.5,0.0,0.0,42.767500000000005,42.767500000000005,56.0,1.0,False,False,False,False,True,32.0,1120522.74,23.0,369851.48,2026.0,0.3301,True
2506509,Gurjão,3352,42.3,🔴 Risco Alto,3,88.901,0.046608,0.07,1,0.5,1.0,0.0186075668172429,0.945,0.4665,0.75,0.2528,14.175,6.8886,7.5,0.0,2.528,11.25,0.0,0.0,42.3416,42.3416,421.0,0.4219,False,False,True,False,True,25.0,4628860.5,3.0,176365.28,2026.0,0.0381,False
2507606,Juarez Távora,8088,42.0,🔴 Risco Alto,6,73.2785,-0.078255,1.35,1,1.0,1.0,0.0208793786291528,0.1639,0.2952,0.75,0.2974,2.4585,10.332,15.0,0.0,2.974,11.25,0.0,0.0,42.0145,42.0145,56.0,1.0,False,False,False,False,True,2.0,208624.6,2.0,208624.6,2025.0,1.0,True
2516805,Triunfo,10315,41.3,🔴 Risco Alto,3,100.2567,,0.84,1,0.5,1.0,0.042373530829969,1.0,,0.75,0.7597,15.0,0.0,7.5,0.0,7.597,11.25,0.0,0.0,41.347,41.347,,,False,,,False,True,68.0,17960966.49,33.0,3032363.92,2027.0,0.1688,False
2513307,Santa Helena,6023,39.5,⛔ Crítico,6,74.8085,-0.008694,2.35,6,1.0,1.0,0.050517084061997,0.2404,0.3439,0.0,0.8872,3.606,12.0365,15.0,0.0,8.872,0.0,0.0,0.0,39.5145,39.5145,56.0,1.0,False,False,False,False,True,76.0,9964583.77,52.0,2902568.49,2026.0,0.2913,False
2505352,Damião,5141,39.1,⛔ Crítico,5,63.7028,0.188277,17.95,1,0.8333333333333334,1.0,0.0272861190058418,0.0,0.7412,0.75,0.4432,0.0,10.9449,12.5,0.0,4.432,11.25,0.0,0.0,39.1269,39.1269,421.0,0.4219,False,False,True,False,True,117.0,4974577.66,72.0,93368.23,2026.0,0.0188,False
2511509,Pilar,12889,38.0,⛔ Crítico,6,99.2025,-0.107774,0.26,6,1.0,1.0,0.0222172780803793,1.0,0.2746,0.0,0.3967,15.0,4.0549,15.0,0.0,3.967,0.0,0.0,0.0,38.0219,38.0219,421.0,0.4219,False,False,True,False,True,29.0,16478211.819999998,0.0,0.0,2026.0,0.0,False
2501575,Barra de Santana,8247,37.0,⛔ Crítico,6,93.5495,-0.374913,,0,1.0,1.0,0.025258099750416,1.0,0.0876,,0.3946,15.0,3.066,15.0,0.0,3.946,0.0,0.0,0.0,37.012,37.012,56.0,1.0,False,False,False,False,True,92.0,15008732.59,36.0,1255680.0,2026.0,0.0837,False
2502201,Bom Jesus,2328,36.8,⛔ Crítico,2,64.5715,-0.016352,0.0,0,0.3333333333333333,1.0,0.0292006389671498,0.0,0.3386,1.0,0.4902,0.0,11.851,5.0,0.0,4.902,15.0,0.0,0.0,36.753,36.753,56.0,1.0,False,False,False,False,True,111.0,13066583.9,94.0,7267238.73,2026.0,0.5562,True
2507408,Jericó,7728,36.7,⛔ Crítico,2,64.97,-0.002081,0.42,0,0.3333333333333333,1.0,0.0277774227915842,0.0,0.3485,1.0,0.4552,0.0,12.1975,5.0,0.0,4.552,15.0,0.0,0.0,36.7495,36.7495,56.0,1.0,False,False,False,False,True,69.0,13383538.33,40.0,6113063.72,2026.0,0.4568,True
2513208,Santa Cruz,6013,36.5,⛔ Crítico,6,61.5745,-0.000266,1.2,3,1.0,1.0,0.0284611998526571,0.0,0.3498,0.3,0.472,0.0,12.243,15.0,0.0,4.72,4.5,0.0,0.0,36.463,36.463,56.0,1.0,False,False,False,False,True,91.0,955086.26,59.0,679101.26,2026.0,0.711,True
2508604,Lucena,13088,35.1,⛔ Crítico,6,72.0975,-0.130002,0.46,6,1.0,1.0,0.0641969711396536,0.1049,0.259,0.0,0.9454,1.5735,9.065,15.0,0.0,9.454,0.0,0.0,0.0,35.0925,35.0925,56.0,1.0,False,False,False,False,True,34.0,5147324.91,4.0,1040471.65,2026.0,0.2021,False
2514305,São José de Caiana,4966,31.7,⛔ Crítico,3,78.57,,0.48,1,0.5,1.0,0.0358228669424334,0.4285,,0.75,0.6488,6.4275,0.0,7.5,0.0,6.488,11.25,0.0,0.0,31.6655,31.6655,,,False,,,False,True,38.0,1448875.84,0.0,0.0,2026.0,0.0,False
2512200,Prata,4032,,⚫ Sem Dados,0,,,,0,0.0,0.0,0.0181366688792936,,,,0.2441,,0.0,,10.0,2.441,0.0,0.0,0.0,,,,,False,,,False,True,43.0,4435198.65,2.0,280431.87,2026.0,0.0632,False
2513943,São Domingos do Cariri,2688,,⚫ Sem Dados,0,,,,0,0.0,1.0,0.0233502289571792,,,,0.3506,,0.0,,0.0,3.506,0.0,0.0,0.0,,,,,False,,,False,True,114.0,8031042.41,77.0,4287773.26,2026.0,0.5339,True
2514107,São João do Tigre,4359,,⚫ Sem Dados,0,,,,0,0.0,0.15,0.0215495835423761,,,,0.3114,,0.0,,8.5,3.114,0.0,0.0,0.0,,,,,False,,,False,True,43.0,10592879.63,10.0,183837.2,2026.0,0.0174,False
2514651,São José do Brejo do Cruz,1750,,⚫ Sem Dados,0,,,,0,0.0,0.0,0.0171060497260986,,,,0.2258,,0.0,,10.0,2.258,0.0,0.0,0.0,,,,,False,,,False,True,62.0,10258482.96,18.0,494674.5,2026.0,0.0482,False
2515708,Serra Grande,3056,,⚫ Sem Dados,0,,,,0,0.0,1.0,0.0225738924674981,,,,0.3334,,0.0,,0.0,3.334,0.0,0.0,0.0,,,,,False,,,False,True,29.0,2582606.6999999997,1.0,7297.8,2026.0,0.0028,False
2517407,Zabelê,2323,,⚫ Sem Dados,0,,,,0,0.0,0.1,0.0175009167898875,,,,0.2327,,0.0,,9.0,2.327,0.0,0.0,0.0,,,,,False,,,False,True,31.0,6738959.42,4.0,53391.299999999996,2026.0,0.0079,False
2501708,Barra de São Miguel,6123,,⚫ Sem Dados,1,,,0.78,1,0.1666666666666666,1.0,0.0248994443379604,,,0.75,0.3862,,0.0,2.5,0.0,3.862,11.25,0.0,0.0,,,,,False,,,False,True,22.0,4810526.37,0.0,0.0,2026.0,0.0,False
2504504,Condado,6629,,⚫ Sem Dados,0,,,,0,0.0,1.0,0.0236249981129302,,,,0.3568,,0.0,,0.0,3.568,0.0,0.0,0.0,,,,,False,,,False,True,88.0,10693667.73,45.0,7264296.8,2026.0,0.6793,True
2508109,Lagoa,4489,,⚫ Sem Dados,0,,,,0,0.0,1.0,0.0179279023728893,,,,0.2403,,0.0,,0.0,2.403,0.0,0.0,0.0,,,,,False,,,False,True,70.0,2326856.77,46.0,232650.0,2026.0,0.1,False
2509370,Mato Grosso,2584,,⚫ Sem Dados,1,,,0.79,0,0.1666666666666666,1.0,0.0156310408235662,,,1.0,0.2014,,0.0,2.5,0.0,2.014,15.0,0.0,0.0,,,,,False,,,False,True,64.0,21410750.79,37.0,2040853.81,2026.0,0.0953,False
2510600,Ouro Velho,3000,,⚫ Sem Dados,0,,,,0,0.0,0.0,0.0180631979339483,,,,0.2428,,0.0,,10.0,2.428,0.0,0.0,0.0,,,,,False,,,False,True,56.0,15709943.17,17.0,3660229.4699999997,2026.0,0.233,False
